unidade;mes;ano;porte;quantidade
CSSFA;Janeiro;2021;PORTE I (0 A 2 HORAS);0
CSSFA;Janeiro;2021;PORTE II ( 2 A 4 HORAS);0
CSSFA;Fevereiro;2021;PORTE I (0 A 2 HORAS);0
CSSFA;Fevereiro;2021;PORTE II ( 2 A 4 HORAS);0
CSSFA;Março;2021;PORTE I (0 A 2 HORAS);0
CSSFA;Março;2021;PORTE II ( 2 A 4 HORAS);0
CSSFA;Abril;2021;PORTE I (0 A 2 HORAS);0
CSSFA;Abril;2021;PORTE II ( 2 A 4 HORAS);0
CSSFA;Novembro;2021;PORTE I (0 A 2 HORAS);0
CSSFA;Novembro;2021;PORTE II ( 2 A 4 HORAS);0
CSSFA;Dezembro;2021;PORTE I (0 A 2 HORAS);0
CSSFA;Dezembro;2021;PORTE II ( 2 A 4 HORAS);0
CSSFE;Junho;2021;PORTE I (0 A 2 HORAS);0
CSSFE;Julho;2021;PORTE I (0 A 2 HORAS);0
CSSFE;Agosto;2021;PORTE I (0 A 2 HORAS);0
CSSFE;Setembro;2021;PORTE I (0 A 2 HORAS);0
CSSFE;Dezembro;2021;PORTE I (0 A 2 HORAS);0
CSSI;Janeiro;2021;PORTE I (0 A 2 HORAS);0
CSSI;Janeiro;2021;PORTE II ( 2 A 4 HORAS);0
CSSI;Janeiro;2021;PORTE III (4 A 5 HORAS);0
CSSI;Janeiro;2021;PORTE IV (ACIMA 6 HORAS);0
CSSI;Fevereiro;2021;PORTE I (0 A 2 HORAS);0
CSSI;Fevereiro;2021;PORTE II ( 2 A 4 HORAS);0
CSSI;Fevereiro;2021;PORTE III (4 A 5 HORAS);0
CSSI;Fevereiro;2021;PORTE IV (ACIMA 6 HORAS);0
CSSI;Março;2021;PORTE I (0 A 2 HORAS);0
CSSI;Março;2021;PORTE II ( 2 A 4 HORAS);0
CSSI;Março;2021;PORTE III (4 A 5 HORAS);0
CSSI;Março;2021;PORTE IV (ACIMA 6 HORAS);0
CSSI;Abril;2021;PORTE I (0 A 2 HORAS);0
CSSI;Abril;2021;PORTE II ( 2 A 4 HORAS);0
CSSI;Abril;2021;PORTE III (4 A 5 HORAS);0
CSSI;Abril;2021;PORTE IV (ACIMA 6 HORAS);0
CSSI;Maio;2021;PORTE I (0 A 2 HORAS);0
CSSI;Maio;2021;PORTE II ( 2 A 4 HORAS);0
CSSI;Maio;2021;PORTE III (4 A 5 HORAS);0
CSSI;Maio;2021;PORTE IV (ACIMA 6 HORAS);0
CSSI;Junho;2021;PORTE I (0 A 2 HORAS);0
CSSI;Junho;2021;PORTE II ( 2 A 4 HORAS);0
CSSI;Junho;2021;PORTE III (4 A 5 HORAS);0
CSSI;Junho;2021;PORTE IV (ACIMA 6 HORAS);0
CSSI;Julho;2021;PORTE I (0 A 2 HORAS);0
CSSI;Julho;2021;PORTE II ( 2 A 4 HORAS);0
CSSI;Julho;2021;PORTE III (4 A 5 HORAS);0
CSSI;Julho;2021;PORTE IV (ACIMA 6 HORAS);0
CSSI;Agosto;2021;PORTE I (0 A 2 HORAS);0
CSSI;Agosto;2021;PORTE II ( 2 A 4 HORAS);0
CSSI;Agosto;2021;PORTE III (4 A 5 HORAS);0
CSSI;Agosto;2021;PORTE IV (ACIMA 6 HORAS);0
CSSI;Setembro;2021;PORTE I (0 A 2 HORAS);0
CSSI;Setembro;2021;PORTE II ( 2 A 4 HORAS);0
CSSI;Setembro;2021;PORTE III (4 A 5 HORAS);0
CSSI;Setembro;2021;PORTE IV (ACIMA 6 HORAS);0
CSSI;Outubro;2021;PORTE I (0 A 2 HORAS);0
CSSI;Outubro;2021;PORTE II ( 2 A 4 HORAS);0
CSSI;Outubro;2021;PORTE III (4 A 5 HORAS);0
CSSI;Outubro;2021;PORTE IV (ACIMA 6 HORAS);0
CSSI;Novembro;2021;PORTE I (0 A 2 HORAS);0
CSSI;Novembro;2021;PORTE II ( 2 A 4 HORAS);0
CSSI;Novembro;2021;PORTE III (4 A 5 HORAS);0
CSSI;Novembro;2021;PORTE IV (ACIMA 6 HORAS);0
CSSI;Dezembro;2021;PORTE I (0 A 2 HORAS);0
CSSI;Dezembro;2021;PORTE II ( 2 A 4 HORAS);0
CSSI;Dezembro;2021;PORTE III (4 A 5 HORAS);0
CSSI;Dezembro;2021;PORTE IV (ACIMA 6 HORAS);0
HAC;Janeiro;2021;PORTE I (0 A 2 HORAS);32
HAC;Janeiro;2021;PORTE II ( 2 A 4 HORAS);23
HAC;Janeiro;2021;PORTE III (4 A 5 HORAS);26
HAC;Janeiro;2021;PORTE IV (ACIMA 6 HORAS);18
HAC;Fevereiro;2021;PORTE I (0 A 2 HORAS);34
HAC;Fevereiro;2021;PORTE II ( 2 A 4 HORAS);17
HAC;Fevereiro;2021;PORTE III (4 A 5 HORAS);35
HAC;Fevereiro;2021;PORTE IV (ACIMA 6 HORAS);17
HAC;Março;2021;PORTE I (0 A 2 HORAS);53
HAC;Março;2021;PORTE II ( 2 A 4 HORAS);23
HAC;Março;2021;PORTE III (4 A 5 HORAS);41
HAC;Março;2021;PORTE IV (ACIMA 6 HORAS);19
HAC;Abril;2021;PORTE I (0 A 2 HORAS);36
HAC;Abril;2021;PORTE II ( 2 A 4 HORAS);27
HAC;Abril;2021;PORTE III (4 A 5 HORAS);22
HAC;Abril;2021;PORTE IV (ACIMA 6 HORAS);30
HAC;Maio;2021;PORTE I (0 A 2 HORAS);54
HAC;Maio;2021;PORTE II ( 2 A 4 HORAS);27
HAC;Maio;2021;PORTE III (4 A 5 HORAS);39
HAC;Maio;2021;PORTE IV (ACIMA 6 HORAS);30
HAC;Junho;2021;PORTE I (0 A 2 HORAS);44
HAC;Junho;2021;PORTE II ( 2 A 4 HORAS);29
HAC;Junho;2021;PORTE III (4 A 5 HORAS);38
HAC;Junho;2021;PORTE IV (ACIMA 6 HORAS);30
HAC;Julho;2021;PORTE I (0 A 2 HORAS);42
HAC;Julho;2021;PORTE II ( 2 A 4 HORAS);28
HAC;Julho;2021;PORTE III (4 A 5 HORAS);42
HAC;Julho;2021;PORTE IV (ACIMA 6 HORAS);24
HAC;Agosto;2021;PORTE I (0 A 2 HORAS);48
HAC;Agosto;2021;PORTE II ( 2 A 4 HORAS);32
HAC;Agosto;2021;PORTE III (4 A 5 HORAS);45
HAC;Agosto;2021;PORTE IV (ACIMA 6 HORAS);21
HAC;Setembro;2021;PORTE I (0 A 2 HORAS);26
HAC;Setembro;2021;PORTE II ( 2 A 4 HORAS);29
HAC;Setembro;2021;PORTE III (4 A 5 HORAS);47
HAC;Setembro;2021;PORTE IV (ACIMA 6 HORAS);6
HAC;Outubro;2021;PORTE I (0 A 2 HORAS);66
HAC;Outubro;2021;PORTE II ( 2 A 4 HORAS);15
HAC;Outubro;2021;PORTE III (4 A 5 HORAS);13
HAC;Outubro;2021;PORTE IV (ACIMA 6 HORAS);11
HAC;Novembro;2021;PORTE I (0 A 2 HORAS);86
HAC;Novembro;2021;PORTE II ( 2 A 4 HORAS);32
HAC;Novembro;2021;PORTE III (4 A 5 HORAS);12
HAC;Novembro;2021;PORTE IV (ACIMA 6 HORAS);4
HAC;Dezembro;2021;PORTE I (0 A 2 HORAS);53
HAC;Dezembro;2021;PORTE II ( 2 A 4 HORAS);35
HAC;Dezembro;2021;PORTE III (4 A 5 HORAS);10
HAC;Dezembro;2021;PORTE IV (ACIMA 6 HORAS);2
HCM;Janeiro;2021;PORTE I (0 A 2 HORAS);0
HCM;Fevereiro;2021;PORTE I (0 A 2 HORAS);0
HCM;Março;2021;PORTE I (0 A 2 HORAS);0
HCM;Abril;2021;PORTE I (0 A 2 HORAS);0
HCM;Maio;2021;PORTE I (0 A 2 HORAS);0
HCM;Junho;2021;PORTE I (0 A 2 HORAS);0
HCM;Julho;2021;PORTE I (0 A 2 HORAS);0
HCM;Agosto;2021;PORTE I (0 A 2 HORAS);0
HCM;Setembro;2021;PORTE I (0 A 2 HORAS);0
HCM;Outubro;2021;PORTE I (0 A 2 HORAS);0
HCM;Novembro;2021;PORTE I (0 A 2 HORAS);0
HCM;Dezembro;2021;PORTE I (0 A 2 HORAS);0
HEM;Janeiro;2021;PORTE I (0 A 2 HORAS);0
HEM;Janeiro;2021;PORTE II ( 2 A 4 HORAS);0
HEM;Janeiro;2021;PORTE III (4 A 5 HORAS);0
HEM;Janeiro;2021;PORTE IV (ACIMA 6 HORAS);0
HEM;Fevereiro;2021;PORTE I (0 A 2 HORAS);0
HEM;Fevereiro;2021;PORTE II ( 2 A 4 HORAS);0
HEM;Fevereiro;2021;PORTE III (4 A 5 HORAS);0
HEM;Fevereiro;2021;PORTE IV (ACIMA 6 HORAS);0
HEM;Março;2021;PORTE I (0 A 2 HORAS);0
HEM;Março;2021;PORTE II ( 2 A 4 HORAS);0
HEM;Março;2021;PORTE III (4 A 5 HORAS);0
HEM;Março;2021;PORTE IV (ACIMA 6 HORAS);0
HEM;Abril;2021;PORTE I (0 A 2 HORAS);0
HEM;Abril;2021;PORTE II ( 2 A 4 HORAS);0
HEM;Abril;2021;PORTE III (4 A 5 HORAS);0
HEM;Abril;2021;PORTE IV (ACIMA 6 HORAS);0
HEM;Maio;2021;PORTE I (0 A 2 HORAS);0
HEM;Maio;2021;PORTE II ( 2 A 4 HORAS);0
HEM;Maio;2021;PORTE III (4 A 5 HORAS);0
HEM;Maio;2021;PORTE IV (ACIMA 6 HORAS);0
HEM;Junho;2021;PORTE I (0 A 2 HORAS);0
HEM;Junho;2021;PORTE II ( 2 A 4 HORAS);0
HEM;Junho;2021;PORTE III (4 A 5 HORAS);0
HEM;Junho;2021;PORTE IV (ACIMA 6 HORAS);0
HEM;Julho;2021;PORTE I (0 A 2 HORAS);0
HEM;Julho;2021;PORTE II ( 2 A 4 HORAS);0
HEM;Julho;2021;PORTE III (4 A 5 HORAS);0
HEM;Julho;2021;PORTE IV (ACIMA 6 HORAS);0
HEM;Agosto;2021;PORTE I (0 A 2 HORAS);25
HEM;Agosto;2021;PORTE II ( 2 A 4 HORAS);0
HEM;Agosto;2021;PORTE III (4 A 5 HORAS);0
HEM;Agosto;2021;PORTE IV (ACIMA 6 HORAS);0
HEM;Setembro;2021;PORTE I (0 A 2 HORAS);18
HEM;Setembro;2021;PORTE II ( 2 A 4 HORAS);0
HEM;Setembro;2021;PORTE III (4 A 5 HORAS);0
HEM;Setembro;2021;PORTE IV (ACIMA 6 HORAS);0
HEM;Outubro;2021;PORTE I (0 A 2 HORAS);21
HEM;Outubro;2021;PORTE II ( 2 A 4 HORAS);0
HEM;Outubro;2021;PORTE III (4 A 5 HORAS);0
HEM;Outubro;2021;PORTE IV (ACIMA 6 HORAS);0
HEM;Novembro;2021;PORTE I (0 A 2 HORAS);24
HEM;Novembro;2021;PORTE II ( 2 A 4 HORAS);0
HEM;Novembro;2021;PORTE III (4 A 5 HORAS);0
HEM;Novembro;2021;PORTE IV (ACIMA 6 HORAS);0
HEM;Dezembro;2021;PORTE I (0 A 2 HORAS);31
HEM;Dezembro;2021;PORTE II ( 2 A 4 HORAS);0
HEM;Dezembro;2021;PORTE III (4 A 5 HORAS);0
HEM;Dezembro;2021;PORTE IV (ACIMA 6 HORAS);0
HGBJA;Janeiro;2021;PORTE I (0 A 2 HORAS);74
HGBJA;Janeiro;2021;PORTE II ( 2 A 4 HORAS);23
HGBJA;Janeiro;2021;PORTE III (4 A 5 HORAS);3
HGBJA;Janeiro;2021;PORTE IV (ACIMA 6 HORAS);0
HGBJA;Fevereiro;2021;PORTE I (0 A 2 HORAS);107
HGBJA;Fevereiro;2021;PORTE II ( 2 A 4 HORAS);22
HGBJA;Fevereiro;2021;PORTE III (4 A 5 HORAS);4
HGBJA;Fevereiro;2021;PORTE IV (ACIMA 6 HORAS);1
HGBJA;Março;2021;PORTE I (0 A 2 HORAS);105
HGBJA;Março;2021;PORTE II ( 2 A 4 HORAS);30
HGBJA;Março;2021;PORTE III (4 A 5 HORAS);1
HGBJA;Março;2021;PORTE IV (ACIMA 6 HORAS);0
HGBJA;Abril;2021;PORTE I (0 A 2 HORAS);103
HGBJA;Abril;2021;PORTE II ( 2 A 4 HORAS);29
HGBJA;Abril;2021;PORTE III (4 A 5 HORAS);2
HGBJA;Abril;2021;PORTE IV (ACIMA 6 HORAS);2
HGBJA;Maio;2021;PORTE I (0 A 2 HORAS);135
HGBJA;Maio;2021;PORTE II ( 2 A 4 HORAS);20
HGBJA;Maio;2021;PORTE III (4 A 5 HORAS);0
HGBJA;Maio;2021;PORTE IV (ACIMA 6 HORAS);0
HGBJA;Junho;2021;PORTE I (0 A 2 HORAS);123
HGBJA;Junho;2021;PORTE II ( 2 A 4 HORAS);33
HGBJA;Junho;2021;PORTE III (4 A 5 HORAS);2
HGBJA;Julho;2021;PORTE I (0 A 2 HORAS);124
HGBJA;Julho;2021;PORTE II ( 2 A 4 HORAS);31
HGBJA;Julho;2021;PORTE III (4 A 5 HORAS);5
HGBJA;Agosto;2021;PORTE I (0 A 2 HORAS);156
HGBJA;Agosto;2021;PORTE II ( 2 A 4 HORAS);28
HGBJA;Agosto;2021;PORTE III (4 A 5 HORAS);1
HGBJA;Setembro;2021;PORTE I (0 A 2 HORAS);133
HGBJA;Setembro;2021;PORTE II ( 2 A 4 HORAS);23
HGBJA;Setembro;2021;PORTE III (4 A 5 HORAS);2
HGBJA;Outubro;2021;PORTE I (0 A 2 HORAS);141
HGBJA;Outubro;2021;PORTE II ( 2 A 4 HORAS);21
HGBJA;Outubro;2021;PORTE III (4 A 5 HORAS);1
HGBJA;Novembro;2021;PORTE I (0 A 2 HORAS);90
HGBJA;Novembro;2021;PORTE II ( 2 A 4 HORAS);33
HGBJA;Novembro;2021;PORTE III (4 A 5 HORAS);2
HGBJA;Novembro;2021;PORTE IV (ACIMA 6 HORAS);1
HGBJA;Dezembro;2021;PORTE I (0 A 2 HORAS);109
HGBJA;Dezembro;2021;PORTE II ( 2 A 4 HORAS);30
HGBJA;Dezembro;2021;PORTE III (4 A 5 HORAS);3
HJK;Janeiro;2021;PORTE I (0 A 2 HORAS);8
HJK;Janeiro;2021;PORTE II ( 2 A 4 HORAS);9
HJK;Janeiro;2021;PORTE III (4 A 5 HORAS);3
HJK;Janeiro;2021;PORTE IV (ACIMA 6 HORAS);0
HJK;Fevereiro;2021;PORTE I (0 A 2 HORAS);9
HJK;Fevereiro;2021;PORTE II ( 2 A 4 HORAS);10
HJK;Fevereiro;2021;PORTE III (4 A 5 HORAS);3
HJK;Fevereiro;2021;PORTE IV (ACIMA 6 HORAS);0
HJK;Março;2021;PORTE I (0 A 2 HORAS);7
HJK;Março;2021;PORTE II ( 2 A 4 HORAS);12
HJK;Março;2021;PORTE III (4 A 5 HORAS);1
HJK;Março;2021;PORTE IV (ACIMA 6 HORAS);0
HJK;Abril;2021;PORTE I (0 A 2 HORAS);5
HJK;Abril;2021;PORTE II ( 2 A 4 HORAS);2
HJK;Abril;2021;PORTE III (4 A 5 HORAS);0
HJK;Abril;2021;PORTE IV (ACIMA 6 HORAS);0
HJK;Maio;2021;PORTE I (0 A 2 HORAS);4
HJK;Maio;2021;PORTE II ( 2 A 4 HORAS);8
HJK;Maio;2021;PORTE III (4 A 5 HORAS);0
HJK;Maio;2021;PORTE IV (ACIMA 6 HORAS);0
HJK;Junho;2021;PORTE I (0 A 2 HORAS);1
HJK;Junho;2021;PORTE II ( 2 A 4 HORAS);5
HJK;Junho;2021;PORTE III (4 A 5 HORAS);2
HJK;Junho;2021;PORTE IV (ACIMA 6 HORAS);0
HJK;Julho;2021;PORTE I (0 A 2 HORAS);6
HJK;Julho;2021;PORTE II ( 2 A 4 HORAS);12
HJK;Julho;2021;PORTE III (4 A 5 HORAS);5
HJK;Julho;2021;PORTE IV (ACIMA 6 HORAS);0
HJK;Agosto;2021;PORTE I (0 A 2 HORAS);11
HJK;Agosto;2021;PORTE II ( 2 A 4 HORAS);9
HJK;Agosto;2021;PORTE III (4 A 5 HORAS);3
HJK;Agosto;2021;PORTE IV (ACIMA 6 HORAS);0
HJK;Setembro;2021;PORTE I (0 A 2 HORAS);51
HJK;Setembro;2021;PORTE II ( 2 A 4 HORAS);12
HJK;Setembro;2021;PORTE III (4 A 5 HORAS);5
HJK;Setembro;2021;PORTE IV (ACIMA 6 HORAS);0
HJK;Outubro;2021;PORTE I (0 A 2 HORAS);6
HJK;Outubro;2021;PORTE II ( 2 A 4 HORAS);13
HJK;Outubro;2021;PORTE III (4 A 5 HORAS);2
HJK;Outubro;2021;PORTE IV (ACIMA 6 HORAS);1
HJK;Novembro;2021;PORTE I (0 A 2 HORAS);14
HJK;Novembro;2021;PORTE II ( 2 A 4 HORAS);12
HJK;Novembro;2021;PORTE III (4 A 5 HORAS);3
HJK;Novembro;2021;PORTE IV (ACIMA 6 HORAS);2
HJK;Dezembro;2021;PORTE I (0 A 2 HORAS);7
HJK;Dezembro;2021;PORTE II ( 2 A 4 HORAS);13
HJK;Dezembro;2021;PORTE III (4 A 5 HORAS);4
HJK;Dezembro;2021;PORTE IV (ACIMA 6 HORAS);1
HJXXIII;Janeiro;2021;PORTE I (0 A 2 HORAS);479
HJXXIII;Janeiro;2021;PORTE II ( 2 A 4 HORAS);152
HJXXIII;Janeiro;2021;PORTE III (4 A 5 HORAS);18
HJXXIII;Janeiro;2021;PORTE IV (ACIMA 6 HORAS);9
HJXXIII;Fevereiro;2021;PORTE I (0 A 2 HORAS);420
HJXXIII;Fevereiro;2021;PORTE II ( 2 A 4 HORAS);126
HJXXIII;Fevereiro;2021;PORTE III (4 A 5 HORAS);20
HJXXIII;Fevereiro;2021;PORTE IV (ACIMA 6 HORAS);4
HJXXIII;Março;2021;PORTE I (0 A 2 HORAS);448
HJXXIII;Março;2021;PORTE II ( 2 A 4 HORAS);165
HJXXIII;Março;2021;PORTE III (4 A 5 HORAS);29
HJXXIII;Março;2021;PORTE IV (ACIMA 6 HORAS);11
HJXXIII;Abril;2021;PORTE I (0 A 2 HORAS);454
HJXXIII;Abril;2021;PORTE II ( 2 A 4 HORAS);182
HJXXIII;Abril;2021;PORTE III (4 A 5 HORAS);37
HJXXIII;Abril;2021;PORTE IV (ACIMA 6 HORAS);4
HJXXIII;Maio;2021;PORTE I (0 A 2 HORAS);501
HJXXIII;Maio;2021;PORTE II ( 2 A 4 HORAS);173
HJXXIII;Maio;2021;PORTE III (4 A 5 HORAS);28
HJXXIII;Maio;2021;PORTE IV (ACIMA 6 HORAS);3
HJXXIII;Junho;2021;PORTE I (0 A 2 HORAS);466
HJXXIII;Junho;2021;PORTE II ( 2 A 4 HORAS);170
HJXXIII;Junho;2021;PORTE III (4 A 5 HORAS);24
HJXXIII;Junho;2021;PORTE IV (ACIMA 6 HORAS);14
HJXXIII;Julho;2021;PORTE I (0 A 2 HORAS);486
HJXXIII;Julho;2021;PORTE II ( 2 A 4 HORAS);177
HJXXIII;Julho;2021;PORTE III (4 A 5 HORAS);25
HJXXIII;Julho;2021;PORTE IV (ACIMA 6 HORAS);7
HJXXIII;Agosto;2021;PORTE I (0 A 2 HORAS);489
HJXXIII;Agosto;2021;PORTE II ( 2 A 4 HORAS);172
HJXXIII;Agosto;2021;PORTE III (4 A 5 HORAS);21
HJXXIII;Agosto;2021;PORTE IV (ACIMA 6 HORAS);5
HJXXIII;Setembro;2021;PORTE I (0 A 2 HORAS);490
HJXXIII;Setembro;2021;PORTE II ( 2 A 4 HORAS);183
HJXXIII;Setembro;2021;PORTE III (4 A 5 HORAS);29
HJXXIII;Setembro;2021;PORTE IV (ACIMA 6 HORAS);10
HJXXIII;Outubro;2021;PORTE I (0 A 2 HORAS);468
HJXXIII;Outubro;2021;PORTE II ( 2 A 4 HORAS);155
HJXXIII;Outubro;2021;PORTE III (4 A 5 HORAS);22
HJXXIII;Outubro;2021;PORTE IV (ACIMA 6 HORAS);11
HJXXIII;Novembro;2021;PORTE I (0 A 2 HORAS);437
HJXXIII;Novembro;2021;PORTE II ( 2 A 4 HORAS);146
HJXXIII;Novembro;2021;PORTE III (4 A 5 HORAS);29
HJXXIII;Novembro;2021;PORTE IV (ACIMA 6 HORAS);2
HJXXIII;Dezembro;2021;PORTE I (0 A 2 HORAS);473
HJXXIII;Dezembro;2021;PORTE II ( 2 A 4 HORAS);156
HJXXIII;Dezembro;2021;PORTE III (4 A 5 HORAS);29
HJXXIII;Dezembro;2021;PORTE IV (ACIMA 6 HORAS);6
HMAL;Janeiro;2021;PORTE I (0 A 2 HORAS);122
HMAL;Janeiro;2021;PORTE II ( 2 A 4 HORAS);31
HMAL;Janeiro;2021;PORTE III (4 A 5 HORAS);4
HMAL;Janeiro;2021;PORTE IV (ACIMA 6 HORAS);0
HMAL;Fevereiro;2021;PORTE I (0 A 2 HORAS);149
HMAL;Fevereiro;2021;PORTE II ( 2 A 4 HORAS);34
HMAL;Fevereiro;2021;PORTE III (4 A 5 HORAS);6
HMAL;Fevereiro;2021;PORTE IV (ACIMA 6 HORAS);1
HMAL;Março;2021;PORTE I (0 A 2 HORAS);154
HMAL;Março;2021;PORTE II ( 2 A 4 HORAS);45
HMAL;Março;2021;PORTE III (4 A 5 HORAS);5
HMAL;Março;2021;PORTE IV (ACIMA 6 HORAS);0
HMAL;Abril;2021;PORTE I (0 A 2 HORAS);146
HMAL;Abril;2021;PORTE II ( 2 A 4 HORAS);49
HMAL;Abril;2021;PORTE III (4 A 5 HORAS);5
HMAL;Abril;2021;PORTE IV (ACIMA 6 HORAS);1
HMAL;Maio;2021;PORTE I (0 A 2 HORAS);170
HMAL;Maio;2021;PORTE II ( 2 A 4 HORAS);45
HMAL;Maio;2021;PORTE III (4 A 5 HORAS);7
HMAL;Maio;2021;PORTE IV (ACIMA 6 HORAS);0
HMAL;Junho;2021;PORTE I (0 A 2 HORAS);150
HMAL;Junho;2021;PORTE II ( 2 A 4 HORAS);42
HMAL;Junho;2021;PORTE III (4 A 5 HORAS);10
HMAL;Junho;2021;PORTE IV (ACIMA 6 HORAS);0
HMAL;Julho;2021;PORTE I (0 A 2 HORAS);173
HMAL;Julho;2021;PORTE II ( 2 A 4 HORAS);40
HMAL;Julho;2021;PORTE III (4 A 5 HORAS);4
HMAL;Julho;2021;PORTE IV (ACIMA 6 HORAS);2
HMAL;Agosto;2021;PORTE I (0 A 2 HORAS);166
HMAL;Agosto;2021;PORTE II ( 2 A 4 HORAS);45
HMAL;Agosto;2021;PORTE III (4 A 5 HORAS);6
HMAL;Agosto;2021;PORTE IV (ACIMA 6 HORAS);0
HMAL;Setembro;2021;PORTE I (0 A 2 HORAS);151
HMAL;Setembro;2021;PORTE II ( 2 A 4 HORAS);47
HMAL;Setembro;2021;PORTE III (4 A 5 HORAS);12
HMAL;Setembro;2021;PORTE IV (ACIMA 6 HORAS);2
HMAL;Outubro;2021;PORTE I (0 A 2 HORAS);127
HMAL;Outubro;2021;PORTE II ( 2 A 4 HORAS);39
HMAL;Outubro;2021;PORTE III (4 A 5 HORAS);6
HMAL;Outubro;2021;PORTE IV (ACIMA 6 HORAS);0
HMAL;Novembro;2021;PORTE I (0 A 2 HORAS);139
HMAL;Novembro;2021;PORTE II ( 2 A 4 HORAS);29
HMAL;Novembro;2021;PORTE III (4 A 5 HORAS);3
HMAL;Novembro;2021;PORTE IV (ACIMA 6 HORAS);3
HMAL;Dezembro;2021;PORTE I (0 A 2 HORAS);153
HMAL;Dezembro;2021;PORTE II ( 2 A 4 HORAS);22
HMAL;Dezembro;2021;PORTE III (4 A 5 HORAS);5
HMAL;Dezembro;2021;PORTE IV (ACIMA 6 HORAS);0
HRAD;Janeiro;2021;PORTE I (0 A 2 HORAS);194
HRAD;Janeiro;2021;PORTE II ( 2 A 4 HORAS);32
HRAD;Janeiro;2021;PORTE III (4 A 5 HORAS);6
HRAD;Janeiro;2021;PORTE IV (ACIMA 6 HORAS);1
HRAD;Fevereiro;2021;PORTE I (0 A 2 HORAS);206
HRAD;Fevereiro;2021;PORTE II ( 2 A 4 HORAS);20
HRAD;Fevereiro;2021;PORTE III (4 A 5 HORAS);2
HRAD;Fevereiro;2021;PORTE IV (ACIMA 6 HORAS);1
HRAD;Março;2021;PORTE I (0 A 2 HORAS);249
HRAD;Março;2021;PORTE II ( 2 A 4 HORAS);37
HRAD;Março;2021;PORTE III (4 A 5 HORAS);4
HRAD;Março;2021;PORTE IV (ACIMA 6 HORAS);1
HRAD;Abril;2021;PORTE I (0 A 2 HORAS);262
HRAD;Abril;2021;PORTE II ( 2 A 4 HORAS);45
HRAD;Abril;2021;PORTE III (4 A 5 HORAS);2
HRAD;Maio;2021;PORTE I (0 A 2 HORAS);253
HRAD;Maio;2021;PORTE II ( 2 A 4 HORAS);65
HRAD;Maio;2021;PORTE III (4 A 5 HORAS);5
HRAD;Maio;2021;PORTE IV (ACIMA 6 HORAS);2
HRAD;Junho;2021;PORTE I (0 A 2 HORAS);230
HRAD;Junho;2021;PORTE II ( 2 A 4 HORAS);44
HRAD;Junho;2021;PORTE III (4 A 5 HORAS);3
HRAD;Junho;2021;PORTE IV (ACIMA 6 HORAS);1
HRAD;Julho;2021;PORTE I (0 A 2 HORAS);257
HRAD;Julho;2021;PORTE II ( 2 A 4 HORAS);48
HRAD;Julho;2021;PORTE III (4 A 5 HORAS);5
HRAD;Agosto;2021;PORTE I (0 A 2 HORAS);268
HRAD;Agosto;2021;PORTE II ( 2 A 4 HORAS);51
HRAD;Agosto;2021;PORTE III (4 A 5 HORAS);4
HRAD;Agosto;2021;PORTE IV (ACIMA 6 HORAS);2
HRAD;Setembro;2021;PORTE I (0 A 2 HORAS);280
HRAD;Setembro;2021;PORTE II ( 2 A 4 HORAS);47
HRAD;Setembro;2021;PORTE III (4 A 5 HORAS);3
HRAD;Outubro;2021;PORTE I (0 A 2 HORAS);261
HRAD;Outubro;2021;PORTE II ( 2 A 4 HORAS);51
HRAD;Outubro;2021;PORTE III (4 A 5 HORAS);3
HRAD;Outubro;2021;PORTE IV (ACIMA 6 HORAS);1
HRAD;Novembro;2021;PORTE I (0 A 2 HORAS);252
HRAD;Novembro;2021;PORTE II ( 2 A 4 HORAS);40
HRAD;Novembro;2021;PORTE III (4 A 5 HORAS);3
HRAD;Dezembro;2021;PORTE I (0 A 2 HORAS);244
HRAD;Dezembro;2021;PORTE II ( 2 A 4 HORAS);43
HRAD;Dezembro;2021;PORTE III (4 A 5 HORAS);5
HRAD;Dezembro;2021;PORTE IV (ACIMA 6 HORAS);1
HRJP;Janeiro;2021;PORTE I (0 A 2 HORAS);2
HRJP;Janeiro;2021;PORTE II ( 2 A 4 HORAS);1
HRJP;Janeiro;2021;PORTE III (4 A 5 HORAS);0
HRJP;Fevereiro;2021;PORTE I (0 A 2 HORAS);3
HRJP;Fevereiro;2021;PORTE II ( 2 A 4 HORAS);3
HRJP;Fevereiro;2021;PORTE III (4 A 5 HORAS);0
HRJP;Março;2021;PORTE I (0 A 2 HORAS);9
HRJP;Março;2021;PORTE II ( 2 A 4 HORAS);0
HRJP;Março;2021;PORTE III (4 A 5 HORAS);0
HRJP;Abril;2021;PORTE I (0 A 2 HORAS);7
HRJP;Abril;2021;PORTE II ( 2 A 4 HORAS);2
HRJP;Abril;2021;PORTE III (4 A 5 HORAS);0
HRJP;Maio;2021;PORTE I (0 A 2 HORAS);5
HRJP;Maio;2021;PORTE II ( 2 A 4 HORAS);5
HRJP;Maio;2021;PORTE III (4 A 5 HORAS);0
HRJP;Junho;2021;PORTE I (0 A 2 HORAS);12
HRJP;Junho;2021;PORTE II ( 2 A 4 HORAS);3
HRJP;Junho;2021;PORTE III (4 A 5 HORAS);0
HRJP;Julho;2021;PORTE I (0 A 2 HORAS);6
HRJP;Julho;2021;PORTE II ( 2 A 4 HORAS);1
HRJP;Julho;2021;PORTE III (4 A 5 HORAS);0
HRJP;Agosto;2021;PORTE I (0 A 2 HORAS);5
HRJP;Agosto;2021;PORTE II ( 2 A 4 HORAS);3
HRJP;Agosto;2021;PORTE III (4 A 5 HORAS);0
HRJP;Setembro;2021;PORTE I (0 A 2 HORAS);9
HRJP;Setembro;2021;PORTE II ( 2 A 4 HORAS);1
HRJP;Setembro;2021;PORTE III (4 A 5 HORAS);0
HRJP;Outubro;2021;PORTE I (0 A 2 HORAS);5
HRJP;Outubro;2021;PORTE II ( 2 A 4 HORAS);1
HRJP;Outubro;2021;PORTE III (4 A 5 HORAS);0
HRJP;Novembro;2021;PORTE I (0 A 2 HORAS);51
HRJP;Novembro;2021;PORTE II ( 2 A 4 HORAS);10
HRJP;Novembro;2021;PORTE III (4 A 5 HORAS);0
HRJP;Dezembro;2021;PORTE I (0 A 2 HORAS);34
HRJP;Dezembro;2021;PORTE II ( 2 A 4 HORAS);12
HRJP;Dezembro;2021;PORTE III (4 A 5 HORAS);1
MOV;Janeiro;2021;PORTE I (0 A 2 HORAS);10
MOV;Janeiro;2021;PORTE II ( 2 A 4 HORAS);3
MOV;Fevereiro;2021;PORTE I (0 A 2 HORAS);19
MOV;Fevereiro;2021;PORTE II ( 2 A 4 HORAS);2
MOV;Fevereiro;2021;PORTE III (4 A 5 HORAS);2
MOV;Março;2021;PORTE I (0 A 2 HORAS);27
MOV;Março;2021;PORTE II ( 2 A 4 HORAS);11
MOV;Abril;2021;PORTE I (0 A 2 HORAS);5
MOV;Maio;2021;PORTE I (0 A 2 HORAS);3
MOV;Junho;2021;PORTE I (0 A 2 HORAS);36
MOV;Junho;2021;PORTE II ( 2 A 4 HORAS);5
MOV;Julho;2021;PORTE I (0 A 2 HORAS);28
MOV;Julho;2021;PORTE II ( 2 A 4 HORAS);4
MOV;Agosto;2021;PORTE I (0 A 2 HORAS);39
MOV;Agosto;2021;PORTE II ( 2 A 4 HORAS);8
MOV;Setembro;2021;PORTE I (0 A 2 HORAS);32
MOV;Setembro;2021;PORTE II ( 2 A 4 HORAS);3
MOV;Outubro;2021;PORTE I (0 A 2 HORAS);19
MOV;Outubro;2021;PORTE II ( 2 A 4 HORAS);5
MOV;Novembro;2021;PORTE I (0 A 2 HORAS);34
MOV;Novembro;2021;PORTE II ( 2 A 4 HORAS);7
MOV;Novembro;2021;PORTE III (4 A 5 HORAS);1
MOV;Dezembro;2021;PORTE I (0 A 2 HORAS);34
MOV;Dezembro;2021;PORTE II ( 2 A 4 HORAS);4
